	gold	model
gold	1.0	0.3199285075960679
model	0.3199285075960679	1.0
