	gold	model
gold	1.0	0.31398680847873717
model	0.31398680847873717	1.0
