	gold	model
gold	1.0	0.13410436598765774
model	0.13410436598765774	1.0
