	gold	model
gold	1.0	0.5383411580594679
model	0.5383411580594679	1.0
