	gold	model
gold	1.0	0.3506646499746623
model	0.3506646499746623	1.0
