	gold	model
gold	1.0	0.33603257404713516
model	0.33603257404713516	1.0
