	gold	model
gold	1.0	0.7801608579088471
model	0.7801608579088471	1.0
