	gold	model
gold	1.0	0.773983197803497
model	0.773983197803497	1.0
