	gold	model
gold	1.0	0.5547284444271905
model	0.5547284444271905	1.0
