	gold	model
gold	1.0	0.579982126899017
model	0.579982126899017	1.0
