	gold	model
gold	1.0	0.20285969615728328
model	0.20285969615728328	1.0
