	gold	model
gold	1.0	0.21109376529888968
model	0.21109376529888968	1.0
