	gold	model
gold	1.0	0.06930070836414226
model	0.06930070836414226	1.0
