	gold	model
gold	1.0	0.7050938337801609
model	0.7050938337801609	1.0
