	gold	model
gold	1.0	0.6210407704180486
model	0.6210407704180486	1.0
