	gold	model
gold	1.0	0.2737110421411628
model	0.2737110421411628	1.0
