	gold	model
gold	1.0	0.644678979771328
model	0.644678979771328	1.0
