	gold	model
gold	1.0	0.3401693236916037
model	0.3401693236916037	1.0
