	gold	model
gold	1.0	0.2286471074816524
model	0.2286471074816524	1.0
