	gold	model
gold	1.0	0.7676496872207328
model	0.7676496872207328	1.0
