	gold	model
gold	1.0	0.7538445398058778
model	0.7538445398058778	1.0
