	gold	model
gold	1.0	0.5089918587225081
model	0.5089918587225081	1.0
