	gold	model
gold	1.0	0.9107981220657277
model	0.9107981220657277	1.0
