	gold	model
gold	1.0	0.8344145659536744
model	0.8344145659536744	1.0
