	gold	model
gold	1.0	0.6721218504415458
model	0.6721218504415458	1.0
