	gold	model
gold	1.0	0.3919786096256685
model	0.3919786096256685	1.0
