	gold	model
gold	1.0	0.16175156389633602
model	0.16175156389633602	1.0
