	gold	model
gold	1.0	0.16340697273561314
model	0.16340697273561314	1.0
