	gold	model
gold	1.0	0.037854357522746906
model	0.037854357522746906	1.0
