	gold	model
gold	1.0	0.7283288650580876
model	0.7283288650580876	1.0
