	gold	model
gold	1.0	0.6493753865182437
model	0.6493753865182437	1.0
