	gold	model
gold	1.0	0.32923986986098785
model	0.32923986986098785	1.0
